{"accuracy": 1.0, "val_accuracy": 0.0, "precision": 1.0, "val_precision": 0.0, "recall": 1.0, "val_recall": 0.0, "loss": 0.6871768832206726, "val_loss": 0.753173828125}