{"accuracy": 0.0, "val_accuracy": 0.0, "precision": 0.0, "val_precision": 0.0, "recall": 0.0, "val_recall": 0.0, "loss": 0.7229709029197693, "val_loss": 0.8475794196128845}